cnom,start,end,mid
red,0,0.015625,0.0078125
orange,0.015625,0.109375,0.0625
yellow,0.109375,0.203125,0.15625
green,0.203125,0.453125,0.328125
cyan,0.453125,0.546875,0.5
blue,0.546875,0.765625,0.65625
violet,0.765625,0.953125,0.859375
red,0.953125,1,0.9765625
